<?xml version="1.0" encoding="UTF-8"?><SLA Version="1.0"><TxList><Tx>UC3_BuyTicket</Tx><Tx>vuser_end_Transaction</Tx><Tx>UC5_DeleteItenerary</Tx><Tx>UC1_LoginLogout</Tx><Tx>UC4_ViewItinerary</Tx><Tx>confirm_registration</Tx><Tx>vuser_init_Transaction</Tx><Tx>see_all_itinerary</Tx><Tx>press_sign_up_button</Tx><Tx>delete_itenerary</Tx><Tx>UC6_RegistrationUser</Tx><Tx>UC2_FindTicket</Tx><Tx>create_customer_profile</Tx><Tx>Action_Transaction</Tx></TxList><SLARules><TrackingPeriodType>Default</TrackingPeriodType><TrackingPeriodValue></TrackingPeriodValue><TrackingPeriodTimeScale></TrackingPeriodTimeScale></SLARules></SLA>