<?xml version="1.0" encoding="utf-8"?>
<VugenScriptMetadata>
  <ScriptName>UC6_RegistrationUser</ScriptName>
  <Protocol>Web - HTTP/HTML</Protocol>
  <ActionFiles>
    <FileEntry Name="vuser_init.c" Filter="2" />
    <FileEntry Name="Action.c" Filter="2" />
    <FileEntry Name="vuser_end.c" Filter="2" />
  </ActionFiles>
  <GeneralFiles>
    <FileEntry Name="UC6_RegistrationUser.usr" Filter="4" />
    <FileEntry Name="default.cfg" Filter="4" />
    <FileEntry Name="default.usp" Filter="4" />
    <FileEntry Name="UC6_RegistrationUser.prm" Filter="2" />
    <FileEntry Name="globals.h" Filter="2" />
    <FileEntry Name="combined_UC6_RegistrationUser.c" Filter="2" />
    <FileEntry Name="pre_cci.c" Filter="2" />
    <FileEntry Name="173372361440.idx" Filter="1" />
    <FileEntry Name="19932999440.idx" Filter="1" />
    <FileEntry Name="1993299944_1fv.549.idx" Filter="1" />
    <FileEntry Name="1993299944_9KL.579.idx" Filter="1" />
    <FileEntry Name="1993299944_Ca8.35.idx" Filter="1" />
    <FileEntry Name="1993299944_caj.859.idx" Filter="1" />
    <FileEntry Name="1993299944_CLx.887.idx" Filter="1" />
    <FileEntry Name="1993299944_D9D.789.idx" Filter="1" />
    <FileEntry Name="1993299944_eSY.827.idx" Filter="1" />
    <FileEntry Name="1993299944_fBS.137.idx" Filter="1" />
    <FileEntry Name="1993299944_i4D.919.idx" Filter="1" />
    <FileEntry Name="1993299944_JHR.801.idx" Filter="1" />
    <FileEntry Name="1993299944_NqB.841.idx" Filter="1" />
    <FileEntry Name="1993299944_QQ0.463.idx" Filter="1" />
    <FileEntry Name="1993299944_siX.361.idx" Filter="1" />
    <FileEntry Name="1993299944_Ted.811.idx" Filter="1" />
    <FileEntry Name="1993299944_Tkp.19.idx" Filter="1" />
    <FileEntry Name="1993299944_X4m.249.idx" Filter="1" />
    <FileEntry Name="Bookmarks.xml" Filter="1" />
    <FileEntry Name="Breakpoints.xml" Filter="1" />
    <FileEntry Name="CompilerLogMetadata.xml" Filter="1" />
    <FileEntry Name="custom_body_variables.txt" Filter="1" />
    <FileEntry Name="logfile.log" Filter="1" />
    <FileEntry Name="lrw_custom_body.h" Filter="1" />
    <FileEntry Name="mdrv.log" Filter="1" />
    <FileEntry Name="mdrv_cmd.txt" Filter="1" />
    <FileEntry Name="NewParam(1).dat" Filter="1" />
    <FileEntry Name="NewParam(2).dat" Filter="1" />
    <FileEntry Name="NewParam.dat" Filter="1" />
    <FileEntry Name="options.txt" Filter="1" />
    <FileEntry Name="output.bak" Filter="1" />
    <FileEntry Name="output.txt" Filter="1" />
    <FileEntry Name="OutputColoringDatabase.json" Filter="1" />
    <FileEntry Name="prefLastName.dat" Filter="1" />
    <FileEntry Name="prefName.dat" Filter="1" />
    <FileEntry Name="ReplaySummaryReport.xml" Filter="1" />
    <FileEntry Name="ScriptUploadMetadata.xml" Filter="1" />
    <FileEntry Name="symbol2.dat" Filter="1" />
    <FileEntry Name="symbol3.dat" Filter="1" />
    <FileEntry Name="symbol4.dat" Filter="1" />
    <FileEntry Name="symbol5.dat" Filter="1" />
    <FileEntry Name="symbol6.dat" Filter="1" />
    <FileEntry Name="symbol7.dat" Filter="1" />
    <FileEntry Name="symbol8.dat" Filter="1" />
    <FileEntry Name="ThumbnailsCache.tmp" Filter="1" />
    <FileEntry Name="TransactionsData.db" Filter="1" />
    <FileEntry Name="UC6_RegistrationUser.c.pickle" Filter="1" />
    <FileEntry Name="UC6_RegistrationUser.ci" Filter="1" />
    <FileEntry Name="UC6_RegistrationUser.prm.bak" Filter="1" />
    <FileEntry Name="UserTasks.xml" Filter="1" />
    <FileEntry Name="data\" Filter="1" />
    <FileEntry Name="result1\" Filter="1" />
  </GeneralFiles>
</VugenScriptMetadata>