<?xml version="1.0" encoding="utf-8"?>
<VugenScriptMetadata>
  <ScriptName>UC4_ViewItinerary</ScriptName>
  <Protocol>Web - HTTP/HTML</Protocol>
  <ActionFiles>
    <FileEntry Name="vuser_init.c" Filter="2" />
    <FileEntry Name="Action.c" Filter="2" />
    <FileEntry Name="vuser_end.c" Filter="2" />
  </ActionFiles>
  <GeneralFiles>
    <FileEntry Name="UC4_ViewItinerary.usr" Filter="4" />
    <FileEntry Name="default.cfg" Filter="4" />
    <FileEntry Name="default.usp" Filter="4" />
    <FileEntry Name="UC4_ViewItinerary.prm" Filter="2" />
    <FileEntry Name="globals.h" Filter="2" />
    <FileEntry Name="combined_UC4_ViewItinerary.c" Filter="2" />
    <FileEntry Name="pre_cci.c" Filter="2" />
    <FileEntry Name="10646979440.idx" Filter="1" />
    <FileEntry Name="126772645440.idx" Filter="1" />
    <FileEntry Name="138685230440.idx" Filter="1" />
    <FileEntry Name="163573203440.idx" Filter="1" />
    <FileEntry Name="258363311440.idx" Filter="1" />
    <FileEntry Name="33659135440.idx" Filter="1" />
    <FileEntry Name="Bookmarks.xml" Filter="1" />
    <FileEntry Name="Breakpoints.xml" Filter="1" />
    <FileEntry Name="CompilerLogMetadata.xml" Filter="1" />
    <FileEntry Name="custom_body_variables.txt" Filter="1" />
    <FileEntry Name="logfile.log" Filter="1" />
    <FileEntry Name="lrw_custom_body.h" Filter="1" />
    <FileEntry Name="mdrv.log" Filter="1" />
    <FileEntry Name="mdrv_cmd.txt" Filter="1" />
    <FileEntry Name="options.txt" Filter="1" />
    <FileEntry Name="output.bak" Filter="1" />
    <FileEntry Name="output.txt" Filter="1" />
    <FileEntry Name="OutputColoringDatabase.json" Filter="1" />
    <FileEntry Name="ReplaySummaryReport.xml" Filter="1" />
    <FileEntry Name="ScriptUploadMetadata.xml" Filter="1" />
    <FileEntry Name="TransactionsData.db" Filter="1" />
    <FileEntry Name="UC2_FindTicket.prm.bak" Filter="1" />
    <FileEntry Name="UC4_ViewItinerary.c.pickle" Filter="1" />
    <FileEntry Name="UC4_ViewItinerary.ci" Filter="1" />
    <FileEntry Name="UC4_ViewItinerary.prm.bak" Filter="1" />
    <FileEntry Name="UserTasks.xml" Filter="1" />
    <FileEntry Name="result1\" Filter="1" />
  </GeneralFiles>
</VugenScriptMetadata>