﻿<DataObject comparison="Ordinal">
  <Section id="">
    <Subsections>
      <Section id="General">
        <Subsections />
        <Entries>
          <Entry key="ElapsedTime">
            <double>51.457119</double>
          </Entry>
          <Entry key="StartedAt">
            <dateTime>2023-04-15T17:57:10.8698462+03:00</dateTime>
          </Entry>
          <Entry key="EndedAt">
            <dateTime>2023-04-15T17:58:02.3269652+03:00</dateTime>
          </Entry>
          <Entry key="ReplayStatus">
            <LastReplayRunStatus>Passed</LastReplayRunStatus>
          </Entry>
          <Entry key="NumberOfReplayErrors">
            <int>0</int>
          </Entry>
          <Entry key="NumberOfReplayCriticalErrors">
            <int>0</int>
          </Entry>
          <Entry key="NumberOfCompilationErrors">
            <int>0</int>
          </Entry>
        </Entries>
      </Section>
    </Subsections>
    <Entries>
      <Entry key="Iterations">
        <int>3</int>
      </Entry>
    </Entries>
  </Section>
</DataObject>